Anna;anna123
Péter;péter123
Judit;judit123
András;andrás123
Ágnes;ágnes123
Máté;máté123
Katalin;katalin123
Gergő;gergő123
Eszter;eszter123
Bence;bence123
Zsófia;zsófia123
Dávid;dávid123
Kata;kata123
Gábor;gábor123
Emese;emese123
Balázs;balázs123
Boglárka;boglárka123
László;lászló123
Viktória;viktória123
Levente;levente123
Zsolt;zsolt123
Réka;réka123
István;istván123
Orsolya;orsolya123
Tamás;tamás123
Krisztina;krisztina123
Dániel;dániel123
Luca;luca123
Gergely;gergely123
Anna;anna123
Barnabás;barnabás123
Evelin;evelin123
Marcell;marcell123
Bea;bea123
Csaba;csaba123
Kinga;kinga123
László;lászló123
Lili;lili123
Bálint;bálint123
Laura;laura123
Benedek;benedek123
Noémi;noémi123
Norbert;norbert123
Zsuzsanna;zsuzsanna123
Zoltán;zoltán123
Réka;réka123
Szabolcs;szabolcs123
Ágota;ágota123
Milán;milán123
Lilla;lilla123
